{
    "Version": 1,
    "UUID": "00000000-0000-0000-0000-000000000000",
    "Name": "Social-Holo",
    "Properties": {
        "description": "provides an application template",
	"enableDirectoryAccess": "true",
        "language": "en"
    },
    "PropertiesSchemaFile": "properties_schema.json",
    "RequiresVersion": 25,
    "DHTConfig": {
        "HashType": "sha2-256",
	"RedundancyFactor": 0
    },
    "Progenitor": {
        "Identity": "",
        "PubKey": null
    },
    "Zomes": [
        {
            "Name": "readerWriter",
            "Description": "read and write data",
            "CodeFile": "readerWriter.js",
            "RibosomeType": "js",
            "BridgeFuncs": null,
            "Config": null,
            "Entries": [
                {
                    "Name": "StringData",
                    "DataFormat": "string",
                    "Sharing": "public"
                },
                {
                  "Name": "HoloLinks",
                  "DataFormat": "links",
                  "Sharing": "public"
                }
            ],
            "Functions": [
              {
                  "Name": "Write",
                  "CallingType": "json"
              },
              {
                  "Name": "unHash",
                  "CallingType": "string"
              },
              {
                  "Name": "readTag",
                  "CallingType": "json"
              },
              {
                  "Name": "updateAt",
                  "CallingType": "json"
              },
              {
                  "Name": "updatelink",
                  "CallingType": "json"
              }
            ]
        },
        {
            "Name": "userManager",
            "Description": "login etc",
            "CodeFile": "userManager.js",
            "RibosomeType": "js",
            "BridgeFuncs": null,
            "Config": null,
            "Entries": [
              {
                  "Name": "StringData",
                  "DataFormat": "string",
                  "Sharing": "public"
              }
            ],
            "Functions": [
              {
                  "Name": "createUser",
                  "CallingType": "json",
                  "Exposure":"public"
              },
              {
                  "Name": "login",
                  "CallingType": "json",
                  "Exposure":"public"
              },
              {
                  "Name": "logout",
                  "CallingType": "string",
                  "Exposure":"public"
              },
              {
                  "Name": "getPublicHash",
                  "CallingType": "string",
                  "Exposure":"public"
              },
              {
                  "Name": "getName",
                  "CallingType": "string"
              }
            ]
        },
        {
            "Name": "Conversation",
            "Description": "login etc",
            "CodeFile": "Conversation.js",
            "RibosomeType": "js",
            "BridgeFuncs": null,
            "Config": null,
            "Entries": [
              {
                  "Name": "StringData",
                  "DataFormat": "string",
                  "Sharing": "public"
              }
            ],
            "Functions": [
              {
                  "Name": "searchUser",
                  "CallingType": "string",
                  "Exposure":"public"
              },
              {
                  "Name": "getAll",
                  "CallingType": "string",
                  "Exposure":"public"
              },
              {
                  "Name": "send",
                  "CallingType": "json",
                  "Exposure":"public"
              },
              {
                  "Name": "recieve",
                  "CallingType": "string",
                  "Exposure":"public"
              },
              {
                  "Name": "likePost",
                  "CallingType": "json",
                  "Exposure":"public"
              }
            ]
        },
        {
            "Name": "Group",
            "Description": "group etc",
            "CodeFile": "Group.js",
            "RibosomeType": "js",
            "BridgeFuncs": null,
            "Config": null,
            "Entries": [
              {
                  "Name": "StringData",
                  "DataFormat": "string",
                  "Sharing": "public"
              }
            ],
            "Functions": [

              {
                  "Name": "searchGroup",
                  "CallingType": "string",
                  "Exposure":"public"
              },
              {
                  "Name": "getAll",
                  "CallingType": "string",
                  "Exposure":"public"
              },
              {
                  "Name": "send",
                  "CallingType": "json",
                  "Exposure":"public"
              },
              {
                  "Name": "recieve",
                  "CallingType": "string",
                  "Exposure":"public"
              },
              {
                  "Name": "createGroup",
                  "CallingType": "string",
                  "Exposure":"public"
              },
              {
                  "Name": "joingroup",
                  "CallingType": "string",
                  "Exposure":"public"
              },
              {
                  "Name": "creategroupCounter",
                  "CallingType": "string"
              },
              {
                  "Name": "likePost",
                  "CallingType": "json",
                  "Exposure":"public"
              }
            ]
        },
        {
            "Name": "Messages",
            "Description": "message block",
            "CodeFile": "Messages.js",
            "RibosomeType": "js",
            "BridgeFuncs": null,
            "Config": null,
            "Entries": [
              {
                  "Name": "Message",
                  "DataFormat": "json",
                  "SchemaFile":"Message.json",
                  "Sharing": "public"
              }
            ],
            "Functions": [
              {
                  "Name": "PostMessage",
                  "CallingType": "json"
              },
              {
                  "Name": "readMessages",
                  "CallingType": "string"
              }
            ]
        },
        {
            "Name": "HoloBlock",
            "Description": "message block",
            "CodeFile": "HoloBlock.js",
            "RibosomeType": "js",
            "BridgeFuncs": null,
            "Config": null,
            "Entries": [
            ],
            "Functions": [
              {
                  "Name": "Next",
                  "CallingType": "string",
                  "Exposure":"public"
              },
              {
                  "Name": "Push",
                  "CallingType": "json",
                  "Exposure":"public"
              },
              {
                  "Name": "Read",
                  "CallingType": "json",
                  "Exposure":"public"
              }
            ]
        },
        {
            "Name": "FileHandling",
            "Description": "file handling",
            "CodeFile": "FileHandling.js",
            "RibosomeType": "js",
            "BridgeFuncs": null,
            "Config": null,
            "Entries": [
            ],
            "Functions": [
              {
                  "Name": "uploadFile",
                  "CallingType": "string",
                  "Exposure":"public"
              },
              {
                  "Name": "downloadFile",
                  "CallingType": "string",
                  "Exposure":"public"
              }
            ]
        }
    ]
}
